sector	code	name
Chowk Azam	1200	786 G/S FSD ROAD CHK AZM
Chowk Azam	1174	786 G/S MAIN BAZAR LAYYAH ROAD CHOWK AZAM
Chowk Azam	1166	786 K/S LAYYAH ROAD CHOWK AZAM
Chowk Azam	1277	A ONE G/S MAIN BAZAR CHOK AZAM
Chowk Azam	1644	A Z S/S OLD THE BEST AWAIS
Chowk Azam	1167	ADNAN K/S LAYYAH ROAD CHOWK AZAM
Chowk Azam	1532	AHMAD GARMENTS FATHY PUR
Chowk Azam	1352	AHSAN CLOTH HOUSE F.S.D CHOKE AZAM
Chowk Azam	1201	AL BARVI G/S FSD ROAD CHK AZM
Chowk Azam	1165	AL FREED BAKERS LAYYAH ROAD
Chowk Azam	1173	AL IMRAN SWEETS LAYYAH ROAD CHOWK AZAM
Chowk Azam	1170	AL KAUSAR G/S LAYYAH ROAD CHOWK AZAM
Chowk Azam	1234	AL KHALIL G/S 5TH MILL CA
Chowk Azam	1596	AL MAKKAH OPITICAL SMA SY AGY
Chowk Azam	1330	AL QADIR S/S LALA ZAR
Chowk Azam	1504	AL RAFFAY COSMATICES
Chowk Azam	1287	AL SANA S/C FSD ROAD
Chowk Azam	1485	AL SHAKOOR SUPER MART LALA ZAR
Chowk Azam	1404	AL WASAY PHARMECY
Chowk Azam	1214	ALI GARMENTS GALI IMAM BARGAH
Chowk Azam	1389	ALI MOLA G.S GLI IMAM BARGHA
Chowk Azam	1487	AWAIS GS GALI IMAM BARGHAH
Chowk Azam	1175	AWAN G/S MAIN BAZAR CHOWK AZAM
Chowk Azam	1211	CHAHAT ZARI STORE GALI IMAM BARGAH
Chowk Azam	1303	FAISAL BAKERS&S/S F.S.D
Chowk Azam	1337	FAISAL G/S NEAR JUNAID CHOKE AZAM
Chowk Azam	1426	FARHAN SHOPING CENTER CHOKE AZAM
Chowk Azam	1192	FRIENDS SHOPING CENTER MAIN BAZAR CHOWK AZAM
Chowk Azam	1193	HABIB KHAN G/S MAIN BAZAR CHOWK AZAM
Chowk Azam	1187	HAMZA AWAMI G/S MAIN BAZAR CHOWK AZAM
Chowk Azam	1179	HAMZA SARFRAZ G/S MAIN BAZAR CHOWK AZAM
Chowk Azam	1237	HUMZA G/S GLI IMAM BARGAH CHK AZAM
Chowk Azam	1236	HUMZA KHURSHED G/S MAIN BAZAR CHOWK AZAM
Chowk Azam	1217	HURMAIN G/S GALI IMAM BARGAH
Chowk Azam	1366	INAM D/S NEAR BALOCH TERMINAL LAYYAH
Chowk Azam	1342	IRFAN K/S FATEH POOR ROAD
Chowk Azam	1178	JANI KHAN SHOES MAIN BAZAR CHOWK AZAM
Chowk Azam	1266	JUNAID SHOPING CENTER MAIN BAZAR CHOK AZAM
Chowk Azam	1177	KHALID G/S MAIN BAZAR CHOWK AZAM
Chowk Azam	1207	KHALIL G/S FSD ROAD CHK AZM
Chowk Azam	1206	KHWAJA G/S FSD ROAD CHK AZM
Chowk Azam	1265	LASANI J/S CHOUBRA
Chowk Azam	1322	LUCKY G/S BARKAT PLAZA
Chowk Azam	1530	LUCKY MART BHAGHAL ADDA
Chowk Azam	1475	M H JEWLERS NEAR THE BEST KHAWAR
Chowk Azam	1311	MADINA M/S CHOKE AZAM
Chowk Azam	1598	MALIK GHULAM MUHAMMAD K/S CHOWK AZAM
Chowk Azam	1313	MALIK IRFAN K/S FTEHPOOR ROAD
Chowk Azam	1325	MAQBOOL G/S GLI IMAM BARGHA
Chowk Azam	1521	MASHAALLAH G.S & H/S HAIDER MARKEET CHOKEAZAM
Chowk Azam	1190	MASROOR BUSINESS SHOP YOUSF PLAZA CHOWK AZAM
Chowk Azam	1349	MOAZ COSMETICS STORE BARKAT PALAZA
Chowk Azam	1208	MOON TRADERS FSD ROAD CHK AZM
Chowk Azam	1210	MUDASIR G/S FSD ROAD CHK AZM
Chowk Azam	1203	MUJAHID REHMAN G/S FSD ROAD CHK AZM
Chowk Azam	1168	MUKHTIAR G/S LAYYAH ROAD CHOWK AZAM
Chowk Azam	1288	NAEEM G/S MAIN BAZAR LAYYAH ROAD
Chowk Azam	1180	NAGINA SHOES MAIN BAZAR CHOWK AZAM
Chowk Azam	1218	NEW AL FREED BAKERS FATEH PUR ROAD
Chowk Azam	1533	NEW ALI GARMENTS GLI IMAM BARGHA
Chowk Azam	1560	NEW JUNAID G/S LAYYAH ROAD
Chowk Azam	1215	NEW MAQBOOL G/S GALI IMAM BARGAH ZUBAIR
Chowk Azam	1509	NEW MAQBOOL GARMENTS ND G.S GLI IMAM BARGHA
Chowk Azam	1559	NEW SHAKEEL MART BARKAT PLAZA
Chowk Azam	1524	NEW THE BEST G/S AWAIS SARHAD K SATH
Chowk Azam	1199	NEW ZUBAIR G.S ND SHOES FSD ROAD CHK AZM
Chowk Azam	1204	QAZFI G/S FSD ROAD CHK AZM
Chowk Azam	1191	RAFI CENTER MAIN BAZAR CHOWK AZAM
Chowk Azam	1176	RANA G/S MAIN BAZAR CHOWK AZAM
Chowk Azam	1575	REHAN G/S GALI IMMAM BARGHA
Chowk Azam	1233	RIZWAN ZARE STORE FB RD BAZAR
Chowk Azam	1347	SADA BAHAR G/S MAIN BAZAR CHOWKE AZAM
Chowk Azam	1202	SADAT G/S FSD ROAD CHK AZM
Chowk Azam	1286	SAHI G/S NEAR SARHD G/S
Chowk Azam	1183	SAJID G/S MAIN BAZAR CHOWK AZAM
Chowk Azam	1195	SAMA SHOPING CENTER MAIN BAZAR CHK AZM
Chowk Azam	1348	SAMANA S/C BARKAT PALAZA
Chowk Azam	1220	SAMANA SWEETS MULTAN ROAD
Chowk Azam	1782	SAQIB GOLDEN PERL B
Chowk Azam	1544	SAQLAIN SHOPING CENTER GLI IMAM BARGHA
Chowk Azam	1197	SARHAD G/S MAIN BAZAR CHK AZM
Chowk Azam	1384	STYLO GIFT POINT CHOKEAZAM
Chowk Azam	1385	SUBHAN G/S GLI IMAM BARGHA
Chowk Azam	1212	SUNDAR ZARI G/S GALI IMAM BARGAH
Chowk Azam	1425	SUPER MART MAIN ROAD CHOKE AZAM
Chowk Azam	1196	TALHA G/S MAIN BAZAR CHK AZM
Chowk Azam	1182	TANVIR GARMENTS MAIN BAZAR CHOWK AZAM
Chowk Azam	1361	THE BEST SHOPING CENTER MAIN BAZAR CHOKAZAM
Chowk Azam	1188	UMER SHAKIL G/S YOUSF PLAZA CHOWK AZAM
Chowk Azam	1520	WASEEM G.S& H/S HAIDER MARKEET CHOKEAZAM
Chowk Azam	1537	ZAHID KHAN G/S CHOWK AZAM
Chowk Azam	1508	ZIA GIFT POINT CHOKEAZAM
Fatehpur	1781	FAISAL MART F/P
Fatehpur	1682	G M TRADERS FATHEHPOOR
Kot Sultan	1295	ABDUL HANAN G/S AVI BAZAR
Kot Sultan	1406	ABDUL QADIR G.S AVI BAZAR KOT
Kot Sultan	1581	ABDUL RAZAQ K/S AVI BAZAR
Kot Sultan	1762	ABDUL REHMAN BHAI KOT ADUU
Kot Sultan	1467	ABDUL REHMAN MOINE GERMENTS
Kot Sultan	1512	ABDUL SITTAR G.S AL HAFIZ JMNSHAH
Kot Sultan	1543	ABUBAKER G/S NEAR KAMRAN BRT
Kot Sultan	1290	ABUZAR GARMENTS KOTSULTAN
Kot Sultan	1523	ADNAN G/S AVI BAZAR KOTSULTAN NEAR IRSHAD BHAI
Kot Sultan	1339	ADNAN S/S NEAR JOHAN HOSPITL
Kot Sultan	1241	AHMAD BARTAN STORE MAIN BAZAR
Kot Sultan	1433	AHSAN G.S JMN SHAH
Kot Sultan	1407	AKRAM BARTAN STORE AVI BAZAR KOT
Kot Sultan	1398	AL ABBAS G.S (SHAH G) KOTSULTAN
Kot Sultan	1423	AL FAISAL TAHIR G.S AVI BAZAR KOTSULTAN
Kot Sultan	1589	AL HADI RAILWAY ROAD JAMAN SHAH 03057571231
Kot Sultan	1268	AL HASEEB G/S MAIN BAZAR KOT SULTAN
Kot Sultan	1699	AL JANNAT BEAKERS KOTSULTAN
Kot Sultan	1800	AL MADINA BAKEARS BHKHRI ROAD KOT
Kot Sultan	1331	AL MADINA S/S JAMAN SHAH BND IRSHAD BHAI
Kot Sultan	1242	ALI G/S MAIN ROAD KOT SULTAN
Kot Sultan	1548	ALI GARMENTS MAIN BAZAR KOT SULTAN OLD ASIF
Kot Sultan	1429	ALI K/S HAFIZ ABAD
Kot Sultan	1358	ALI SHAH THE BEST GARMENTS KOT
Kot Sultan	1316	ALVI G/S AVI BAZAR
Kot Sultan	1588	AMEEN G.S SHAH SURKHA ROAD JMN SHA
Kot Sultan	1359	ASIF G/S WHOLE SALER MAIN ROAD KOTSULTAN
Kot Sultan	1415	ATHAR CLOTH HOUSE AVI BAZAR KOT
Kot Sultan	1546	AWAN MART MAIN ROAD KOTSULTAN
Kot Sultan	1447	AYAN GERMENTS NEAR KAMRAN BARTAN STORE
Kot Sultan	1289	AZAAN SWEETS KOTSULTAN CA
Kot Sultan	1441	AZAM G.S AVI BAZAR KOTSULTAN
Kot Sultan	1388	BILLO G SHOPING CENTER JMN SHA
Kot Sultan	1471	BIN RAFIQ GARMENTS KOT SULTAN
Kot Sultan	1382	CHAND FAQEER WALI
Kot Sultan	1700	CHOHAN BAKERS MAIN ROAD KOT SULTAN
Kot Sultan	1459	DECENT DEPARTMENT STORE KOTSULTAN
Kot Sultan	1291	DULHAN SHOES KOTSULTAN BAZAR
Kot Sultan	1319	FAISAL BAKERS MAIN ROAD KOTSULTAN
Kot Sultan	1273	FAISAL NADEEM G/S KOT SULTAN
Kot Sultan	1301	FAIZ UL HASSAN CLOTH HOUSE KOT
Kot Sultan	1621	FARHAN BARTAN STORE NEAR SJAWAL
Kot Sultan	1538	FIYAZ BARTAN ND G.S AVI BAZAR
Kot Sultan	1435	FRIENDS SHOPING CENTER MAIN BAZAR KOTSULTAN
Kot Sultan	1511	GATT SHOPPING RAZAQ JMNSHAH
Kot Sultan	1597	HASEEB GARMENTS BNI KHAN
Kot Sultan	1574	IJAZ SALE POIENT SHAH SURKHA ROAD JAMAN SHAH
Kot Sultan	1437	IMRAN MOIENI G.S NEAR MASJID
Kot Sultan	1335	IZHAR G/S JAMN SHAH
Kot Sultan	1602	JAM ALLAH DAD KOTSULTAN
Kot Sultan	1420	JAMEEL G.S MAIN ROAD KOTSULTAN
Kot Sultan	1410	KAMRAN BARTAN ND G.S KOT
Kot Sultan	1540	KHAN GARMENTS ND G.S AVI BAZAR NEAR KAMMO
Kot Sultan	1450	KHIRANI G.S AVI BAZAR KOTSULTAN
Kot Sultan	1452	KHURAM SHEZAD G.S AVI BAZAR KOT
Kot Sultan	1075	KLASRA G/S SHAH SURKHA ROAD
Kot Sultan	1424	LAHOR SHOES AVI BAZAR KOTSULTAN
Kot Sultan	1479	M AKHTER G.S NEAR AYYAN G.S
Kot Sultan	1460	M HASSAN G.S KOTSULTAN
Kot Sultan	1584	MADINA G.S AVI BAZAR
Kot Sultan	1399	MAHAR G G/S KOTSULTAN
Kot Sultan	1517	MALIK G.S JMNSHAH
Kot Sultan	1449	MAZHAR G.S NEAR ASIF BHAI NICE KOT
Kot Sultan	1270	MEHBOOB S/S KOT SULTAN
Kot Sultan	1666	MEHRAN SHOES G.S NEAR AYYAN
Kot Sultan	1409	MIRZA FAHEEM G.S BAZAR KOT
Kot Sultan	1749	MR.IBRAR G.S SHAH SURKHA
Kot Sultan	1675	MUNEER TRADERS KOT ADU
Kot Sultan	1582	MUZAMIL G.S SHAH SURKHA ROAD
Kot Sultan	1360	MUZAMIL K/S FAQEER WALI
Kot Sultan	1786	MUZAMIL SWEETS HAFIZ ABAD
Kot Sultan	1440	NABEEL IKHLAQ DILSHAD G.S BAZAR KTS
Kot Sultan	1323	NADEEM ALI G/S MAIN ROAD KOTSULTAN
Kot Sultan	1502	NADIR QURESHI
Kot Sultan	1386	NAEEM SHOPING CENTER KOT SULTAN
Kot Sultan	1428	NAJAF SWEETS MAIN ROAD KOT SULTAN
Kot Sultan	1442	NEW A.B QADIR SHOES KOTSULTAN
Kot Sultan	1267	NEW ALI G/S MAIN ROAD KOT SULTAN
Kot Sultan	1793	NEW CHOHAN BAKERS NEAR DHQ MAIN ROAD KOT SULTAN
Kot Sultan	1299	NEW JAVEED BODLA BAKERS NEAR SALEEM B/C
Kot Sultan	1405	NICE SHOPING CENTER BAZAR KOT
Kot Sultan	1274	NOMAN FARHAN G/S JAMAN SHAH
Kot Sultan	1599	NUMAN G.S SHAH SURKHA ROAD JMN SHAH
Kot Sultan	1434	PEER PATHAN G.S AVI BAZAR KOTSULTAN
Kot Sultan	1431	QADRI G.S AVI BAZAR KOTSULTAN
Kot Sultan	1456	QAMAR G.S NEAR KAMRAN B STORE KOT
Kot Sultan	1704	RAFEEQ GARMENTS GLI AYYAN KOTSULTAN
Kot Sultan	1278	RAJAB S/S MAIN ROAD KOTSULTAN
Kot Sultan	1305	RANA AFZAL G/S JAMN SHAH
Kot Sultan	1408	RASHID S/S JMN SHAH BND
Kot Sultan	1480	REHAN G/S NEAR KAMRAN BARTAN \ KOT SULTAN
Kot Sultan	1500	RIZWAN GARMENTS BAZAR
Kot Sultan	1315	ROMAN G/S AVI BAZAR
Kot Sultan	1539	SAJAWAL G/S OLD SAJID QALANDRI SHOP 03045005546
Kot Sultan	1247	SALEEM TAHIR G/S JAMAN SHAH
Kot Sultan	1600	SAQIB G.S KOTSULTAN BAZAR
Kot Sultan	1554	SERAT G,S MAIN BAZAR KOTSULTAN
Kot Sultan	1497	SHABEER G.S MAIN ROAD KOTSULTAN
Kot Sultan	1272	SHAIR ZAMAN BODALA MAIN ROAD KOT SULTAN
Kot Sultan	1498	SHE GARMENTS MAIN BAZAR KOT SULTAN
Kot Sultan	1603	SUHAIL G.S RAILWAY ROAD JMN SHAH
Kot Sultan	1567	SUNNY G.S SHAH SURKHA ROAD JMN SHAH 03036559773
Kot Sultan	1483	TAHZEEB BARTAN STORE NEAR MAHAR G KOT SULTAN
Kot Sultan	1240	TARIQ CITY MALL MAIN ROAD KOT/S
Kot Sultan	1514	TARIQ W G/S RAILWAYROAD JAMAN SHAH
Kot Sultan	1296	VICKY G/S AVI BAZAR
Kot Sultan	1412	WAlEED GARMENTS SANWAL AVI BAZAR
Kot Sultan	1228	WAQAR BHAI G/S MAIN BAZAR
Kot Sultan	1583	WASEEM G.S SHAH SURKHA ROAD
Kot Sultan	1712	WASEEM GARMENTS NEAR MEHRAN
Kot Sultan	1604	YOUNAS G/S KOT SULTAN
Kot Sultan	1553	ZAIN ALI G/S MAIN BAZAR KOT SULTAN
Kot Sultan	1474	ZESHAN LAIESS NDZ IMRAN MOIENI
Kot Sultan	1660	ZUBAIR GARMENTS AVI BAZAR
Kot Sultan	1580	ZURAIN IMRAN G/S NEAR AKRAM BARTAN
Kror Lale Eisan	1464	3 brothers shoping center kror
Kror Lale Eisan	1123	5 STAR G/S ANAR KALI BAZAR
Kror Lale Eisan	1656	786 G.S SABZI MANDI
Kror Lale Eisan	1647	786 K/S ABDUL QAYOUM OLD SAZI MANDI
Kror Lale Eisan	1531	9X 2 ALI KROR
Kror Lale Eisan	1715	ABDUL REHMAN PANSAR MAIN ROAD KROR
Kror Lale Eisan	1778	ADEEL S/S BHATI NGAR
Kror Lale Eisan	1688	ADEEL TRADERS ASIF BHAI KROR
Kror Lale Eisan	1143	ADNAN G/S ANAR KALI BAZAR
Kror Lale Eisan	1557	AHMAD G.S OLD AYYAN KROR
Kror Lale Eisan	1161	AHMAD HASSAN CROCKERY STORE MAIN BAZAR
Kror Lale Eisan	1573	AHSAN ZARII STORE MAIN BAZAR KROR
Kror Lale Eisan	1133	AHTSHAM G/S NIAZI MARKT KROR
Kror Lale Eisan	1529	AKBAR G.S ANARKALI BAZAR
Kror Lale Eisan	1608	AL AZIZ CHORI STORE NIAZI MARKEET 03064422245
Kror Lale Eisan	1249	AL HADI G/S MAIN BAZAR KAROR
Kror Lale Eisan	1536	AL HAFEEZ G.S NEAR MUSKAN NIZAMI KROR
Kror Lale Eisan	1139	AL HAMAD K/S ANAR KALI BAZAR KAROR
Kror Lale Eisan	1776	AL HAMAD K/S MAIN ROAD KAROR
Kror Lale Eisan	1245	AL HARMAN SHOPING CENTER KAROR
Kror Lale Eisan	1414	AL HASSAN G.S NIAZI MARKEET KROR
Kror Lale Eisan	1314	AL HASSNAIN SHOPING CENTR BAZAR KAROR
Kror Lale Eisan	1607	AL HURMAIN S.C NIAZI MARKEET
Kror Lale Eisan	1263	AL IMRAN G/S MAIN BAZAR KAROR
Kror Lale Eisan	1763	AL JANNAT BEAKERS OPS SAJJAD B.C KROR
Kror Lale Eisan	1555	AL JANNAT S.C NEAR NADEEM KROR
Kror Lale Eisan	1162	AL MADINA G/S MAIN BAZAR
Kror Lale Eisan	1586	AL NAJAF S/S COMITY CHOWKE
Kror Lale Eisan	1528	AL NOOR KHALID KROR
Kror Lale Eisan	1572	AL QUAIM M/S KROR
Kror Lale Eisan	1593	AL RAZA G.S NIAZI MARKEET
Kror Lale Eisan	1674	AL SAEED G.S KROR NEAR ADEEL TRADERS
Kror Lale Eisan	1513	AL SHEIKH G/S MAIN BAZAR KROR LALI ESAN
Kror Lale Eisan	1761	ALI BABA G.S KROR NEAR PARRI
Kror Lale Eisan	1552	ALI HASSAN G/S NEAR MUSKAN NIZAMI 03037478303
Kror Lale Eisan	1109	AMIR DRINK CORNER CHUNDI MOR
Kror Lale Eisan	1551	ANSAR SHOPING CENTER ANAR KALI MARKEET
Kror Lale Eisan	1760	ANWAR PHARMECY MAIN ROAD KROR
Kror Lale Eisan	1129	APNA G/S ANAR KALI BAZAR
Kror Lale Eisan	1752	ASAD G.S KAROR RANA K SAMNY
Kror Lale Eisan	1692	ASAD G.S NIAZI MARKET KROR 03067714106
Kror Lale Eisan	1155	ASAIF G/S MAIN BAZAR
Kror Lale Eisan	1312	ASIF G/S KAROR BAZAR
Kror Lale Eisan	1419	AWAN G.S NIAZI MARKEET
Kror Lale Eisan	1137	AYAN G/S ANAR KALI BAZAR
Kror Lale Eisan	1317	AYOUB G/S MAIN BAZAR KAROR
Kror Lale Eisan	1130	AZEEM G/S ANAR KALI BAZAR
Kror Lale Eisan	1369	AZIZ BARTAN ND G/S KAROR
Kror Lale Eisan	1673	AZLAN MART KROR LALI ESAN
Kror Lale Eisan	1772	BABAR KARYANA STORE MAIN ROAD KROR OL AMIR D.C
Kror Lale Eisan	1144	BABO VARIETY STORE MAIN BAZAR
Kror Lale Eisan	1640	BROTHERS SWEETS LARI ADDA KROR
Kror Lale Eisan	1114	CHISHTIA G/S NEAR ICE FACTORY
Kror Lale Eisan	1427	CHOICE CROCKERY STORE MAIN BAZAR KROR
Kror Lale Eisan	1402	CHOUDRY G/S ANARKLI BAZAR KROR
Kror Lale Eisan	1252	CITY SHOP KAROR LAL EASON
Kror Lale Eisan	1122	CLASIC G/S ANAR KALI BAZAR
Kror Lale Eisan	1151	DEWAN G/S MAIN BAZAR
Kror Lale Eisan	1622	DOON S/S MAIN ROAD KROR
Kror Lale Eisan	1566	DR QAZAFI SAHB KROR LALI ESAN
Kror Lale Eisan	1568	DUBAI CLOTH HOUSE NIAZI MARKEET
Kror Lale Eisan	1125	FAHAD G/S ANAR KALI BAZAR
Kror Lale Eisan	1478	FAISAL G.S NEAR AL MADINA BARTAN.S KROR LAL
Kror Lale Eisan	1693	FAISAL TRADERS KROR 03027845258
Kror Lale Eisan	1108	FARHAN G/S CHUNDI MOR
Kror Lale Eisan	1110	GULSHAN HAMID BAKERS MAIN ROAD
Kror Lale Eisan	1561	HAFEEZ G.S NIAZI MARKEET
Kror Lale Eisan	1687	HAIDERI PANSAR & KARYANA STORE MAIN ROAD
Kror Lale Eisan	1716	HAJI ISMAIL K.S MAIN ROAD KROR
Kror Lale Eisan	1648	HAJI SHAIR ALI K/S KROR
Kror Lale Eisan	1119	HAMZA G/S ANAR KALI BAZAR
Kror Lale Eisan	1655	HASSAN M/S OPT SHELL PUMP
Kror Lale Eisan	1472	HOURAM S.C ANAR KALI BAZAR KROR
Kror Lale Eisan	1138	IRFAN G/S ANAR KALI BAZAR
Kror Lale Eisan	1797	IRFAN M/S NIAZI MARKEET PUMP K SATH
Kror Lale Eisan	1718	JANJUA SHOPING CENTER KROR
Kror Lale Eisan	1351	JIDAH S/S NEAR ICE FACTORY KAROR
Kror Lale Eisan	1113	JOY BAKERS KROR
Kror Lale Eisan	1643	KASHI GARMENTS ND G.S NEAR 3 BROTHERS
Kror Lale Eisan	1717	KASHIF M.S MAIN ROAD KROR NEAR ISMAIL K.S
Kror Lale Eisan	1652	KHABER G.S MAIN ROAD KROR
Kror Lale Eisan	1594	KHALIL & JAMEEL PANSAR NIAZI PUMP K SAMNY
Kror Lale Eisan	1585	KHALIL PANSAR STORE OLD GLA MANDI
Kror Lale Eisan	1562	KHAN SWEETS NEAR ICE FACTORY KROR
Kror Lale Eisan	1570	KRACHI G.S MAIN BAZAR KROR
Kror Lale Eisan	1641	LAB E SHERIN SWEETS KROR
Kror Lale Eisan	1164	LALE EISAN S/S MAIN BAZAR
Kror Lale Eisan	1639	LARAIB PHARMECY KROR
Kror Lale Eisan	1147	MAH NOOR G/S MAIN BAZAR
Kror Lale Eisan	1592	MAHAR & SONS NIAZI MARKEET
Kror Lale Eisan	1694	MALL OF KAROR
Kror Lale Eisan	1658	MATLOOB KHAN K/S OPT NIAZI PUMP
Kror Lale Eisan	1152	MEHBOOB G/S MAIN BAZAR
Kror Lale Eisan	1132	MEHRIA G/S ANAR KALI BAZAR
Kror Lale Eisan	1769	MUJTABA G.S MUSLIM BAZAR KROR
Kror Lale Eisan	1654	MUNAWER M/S COMITY CHOKE OLD MANGI MARKEET
Kror Lale Eisan	1649	MUSILM G.S MUSLIM BAZAR KROR
Kror Lale Eisan	1345	MUSKAN NEZAMI KARROOR LAL ESAIN
Kror Lale Eisan	1569	MUZAMIL SALE POINT NIAZI MARKEET
Kror Lale Eisan	1142	NADEEM G/S ANAR KALI BAZAR
Kror Lale Eisan	1150	NAEEM BANGAL STORE MAIN BAZAR
Kror Lale Eisan	1324	NAJAM ZRI STORE KROR
Kror Lale Eisan	1525	NAYAB G.S OLD AL ZAHRA
Kror Lale Eisan	1765	NEW AL ABBAS M/S MAIN ROAD KROR
Kror Lale Eisan	1556	NEW AL HASSNAIN S.C NEAR DEWAN
Kror Lale Eisan	1476	NEW MANI G.S KROR NEAR AL HADI BAZAR
Kror Lale Eisan	1376	NEW MLAIKA S/C NIAZI MARKET KROR
Kror Lale Eisan	1651	NEW PAKISTAN MADICAL STORE MAIN ROAD
Kror Lale Eisan	1615	NEW QAZAFI G.S NIAZI MAERKEET TALHA
Kror Lale Eisan	1527	NEW RIVAJ G.S NEAR SHAYAN KAROR
Kror Lale Eisan	1136	NIZAMIA G/S ANAR KALI BAZAR
Kror Lale Eisan	1153	NOMAN G/S MAIN BAZAR
Kror Lale Eisan	1518	NOMAN G/S NIAZI MARKEET
Kror Lale Eisan	1128	NOMI KHAN GARMENTS NIAZI MARKEET
Kror Lale Eisan	1154	NOMI SHOES MAIN BAZAR
Kror Lale Eisan	1411	ONE CHOICE SHOPING CENTER NIAZI MARKEET
Kror Lale Eisan	1519	PAKEZA GIFT POINT KROR
Kror Lale Eisan	1684	PAKISTAN M,S KROR
Kror Lale Eisan	1455	PARRI G.S OLD AL ZAHRA KROR 03044241339
Kror Lale Eisan	1616	PERFUME MASTER NEAR ICE FACTROY
Kror Lale Eisan	1121	PHOOL G/S ANAR KALI BAZAR
Kror Lale Eisan	1683	Prime cosmetic&medical store kror
Kror Lale Eisan	1111	QASAR E SHERIN BAKERS MAIN ROAD KROR
Kror Lale Eisan	1711	QAZAFI RAJPOOT 03097336333
Kror Lale Eisan	1401	RAMISH SHOPING CENTER NIAZI MARKEET
Kror Lale Eisan	1126	RANA G/S ANAR KALI BAZAR
Kror Lale Eisan	1189	RAZA G.S NIAZI MARKEET KROR
Kror Lale Eisan	1494	REHMAN G.S OLD NOSAHD
Kror Lale Eisan	1653	SAEED&SONS K/S COMITY CHOKE SY AGY
Kror Lale Eisan	1642	SAFDAR M/S KROR
Kror Lale Eisan	1491	SAiM G.S KAROR MEHBOB SY AGY
Kror Lale Eisan	1657	SAJJAD B.C COMITY CHOWKE
Kror Lale Eisan	1780	SAJJO LAISS POINT NIAZI MARKEET
Kror Lale Eisan	1796	SALEEM KHAN K/S COMITY CHOKE
Kror Lale Eisan	1145	SAMAD G/S MAIN BAZAR
Kror Lale Eisan	1606	SHAH G.S NIAZI MARKEET
Kror Lale Eisan	1664	SHAH K.S MAIN ROAD LAB E SHERIN K SATH
Kror Lale Eisan	1714	SHAHZAD M.S FATHEHPOOR CHOKE KROR
Kror Lale Eisan	1672	SHAIR ALI K/S ESSA KHAN PUMP KROR
Kror Lale Eisan	1418	SHAYAN G.S ANARKALI BAZAR KROR NEAR APNA
Kror Lale Eisan	1112	SHERIEN MEHAL SWEETS KROR
Kror Lale Eisan	1271	SUFI G/S NIAZI MARKEET KROR
Kror Lale Eisan	1454	TALHA G/S MAIN BAZAR KROR
Kror Lale Eisan	1160	TANVIR G/S MAIN BAZAR
Kror Lale Eisan	1646	UMER KHALIL PANSAR MAIN ROAD SHERIN MEHL K SATH
Kror Lale Eisan	1609	UMER SHAZAD TRADERS
Kror Lale Eisan	1149	USMANI CROCKRY STORE MAIN BAZAR
Kror Lale Eisan	1677	ZAIN S/S NEAR PSO PUMP KROR
Ladhana	1222	ABBAS M/S LADHANA
Ladhana	1230	AGHA PARVEEZ SHOPING CENTER LADHANA
Ladhana	1395	AMMAR SHOPING CENTER LADHANA
Ladhana	1463	babar awan s/c ladhana 03004141357
Ladhana	1338	FAHAD G/S LADHANA BAZAR
Ladhana	1550	FAIMLY SUPER MART PEER JAGGI ROAD LADHANA
Ladhana	1488	FAISAL DC LADHANA
Ladhana	1510	FAISAL MART MAIN ROAD LADHANA
Ladhana	1516	FAIZ M/S STORE LADHANA
Ladhana	1275	JAVEED GARMENTS LADHANA
Ladhana	1496	K M MART HERA MOOR
Ladhana	1413	MUZAMIL K.S ND G.S LADHANA
Ladhana	1638	PAKISTAN G.S LADHANA BAZAR
Ladhana	1221	PASHA G/S MAIN BAZAR LADHANA
Ladhana	1676	RAJPOOT BAKERS MAIN ROAD LADHANA
Ladhana	1377	TANVEER S/S MAIN ROAD LADHANA
Layyah	1690	786 PHARMECEY ASLAM MOOR
Layyah	1620	A PLUS PHERMECY CHOBARA ROAD
Layyah	1417	A.B SWEETS ND BAKERS MINOR ROAD
Layyah	1680	AB GHOSIA BATISH MARKEET
Layyah	1667	ABDUL REHMAN PANSAR STORE BAZAR
Layyah	1047	ABEER G/S
Layyah	1469	ABID G/S SADER BAZAR NEAR NIZAMI
Layyah	1011	ADAN BILLAL G/S
Layyah	1747	ADNAN SHOPING CENTER ANAR KLI BAZAR LAYYAH
Layyah	1093	AFFORD DEPARTMENTAL STORE
Layyah	1701	AKBER SONS ASLAM MOOR
Layyah	1578	AL ABBAS S/S EID GHA ROAD
Layyah	1696	AL AZIZ K/S JANOBI BAZAR
Layyah	1461	AL HADI SUPER MART QALMA CHOKE BAI PASS
Layyah	1043	AL HAMAD SHOPING CENTER
Layyah	1099	AL HASEEB S/S COLLEGE ROAD
Layyah	1025	AL IMRAN G/S
Layyah	1590	AL MADINA SUPER MART LABENILAM ROAD
Layyah	1506	AL MEHRAN G/S QADER MARKET LAYYAH
Layyah	1104	AL MUNIR S/S EMPLOSE COLONY
Layyah	1033	AL QAMAR G/S
Layyah	1774	AL RAZI PHERMECY COLLEGE ROAD LAYYAH
Layyah	1350	AL REHMAN G/S NEAR MASJID AHL HADEES
Layyah	1081	AL SAEED S/S CHOBARA ROAD
Layyah	1223	AL SAEED S/S LARI ADDA
Layyah	1103	AL SAEED S/S NEAR THANA SADER
Layyah	1493	AL SAYAD G/S ANAR KALI BAZAR
Layyah	1784	ALI AMEEN SANAWAH
Layyah	1777	ALI COSMETICS NEAR AFFORD
Layyah	1046	ALI G/S & WHOLE SALLER
Layyah	1702	ALI SWEETS EID GHA ROAD
Layyah	1340	AMIR DEPARTMENTLE STORE THANA SADR ROAD
Layyah	1018	AMIR G/S
Layyah	1048	ANSARI G/S
Layyah	1706	ARRAIN BROTHER TOUSEEF G.S
Layyah	1072	ARSHAD D/C
Layyah	1473	ASHRAF GARMENTS ANARKALI BAZAR LAYYAH
Layyah	1462	ASHRFI G.S MODEL BAZAR LAYYAH
Layyah	1577	ASIF K/S EID GHA ROAD
Layyah	1392	ATIF TRADERS FATHEH POOR
Layyah	1710	AWAIS GOMAL H.S LALI LAL ROAD LAYYAH
Layyah	1541	BACHAT MART DHQ ROAD LAYYAH
Layyah	1357	BALOCH BAKERS LALI LAL ROAD LAYYAH
Layyah	1080	BHUTTA TRADERS
Layyah	1102	BIG BOSS HAIR DRESER
Layyah	1285	BILLAL G/S ANARKALI BAZAR
Layyah	1650	BIN ZAIN S/S CHOUBRA ROAD
Layyah	1507	BODLA BAKERS LAB E NELAM LAYYAH
Layyah	1356	CH SARWAR SHB NEAR LAYYAH MINOR
Layyah	1705	CHAND SHOPPING CENTER BARRA MARKEET
Layyah	1078	CHOHAN G/S
Layyah	1490	CITY PLUS PHARMACY
Layyah	1281	D SALOON EMPLOYES
Layyah	1458	DECENT BEATY PARLOUR EMPLOYES
Layyah	1298	DIlBER ASHRAF G/S MAIN BAZAR LAYYAH
Layyah	1082	DRUG MART
Layyah	1374	FAIMLY MART STORE FAIZ CHOWKE
Layyah	1549	FAROOQ G/S LALI LAL ROAD LAYYAH
Layyah	1579	FAROOQ K/S EID GHA ROAD
Layyah	1091	FAZAL E RABI S/S TDA COLONY
Layyah	1526	FOUJI GARMENTS ANAR KALI BAZAR
Layyah	1052	GHAURI SHOPING CENTER
Layyah	1783	GHAZI PHARMACY EID GHA CHOWK
Layyah	1534	GHILANI S/S CHOUBRA ROAD LAYYAH
Layyah	1792	GLAXY STORE ASLAM MOOR LAYYAH
Layyah	1576	GNS PHARMACY EID GHA ROAD
Layyah	1400	GREEN DEPARTMENTEL STOR COLLEGE ROAD
Layyah	1040	GUL SHOPING CENTER SAJID
Layyah	1255	GULBERG G/S MAIN BAZAR
Layyah	1269	HABIB MART OPST BLOCH TARMINAL
Layyah	1773	HAMAD PHERMECY EID GHA ROAD
Layyah	1074	HAMZA S/S
Layyah	1619	HARIS MEDICAL STORE CHOBARA ROAD NEAR OLKH
Layyah	1720	HAROON G.S C/O ADAN BILAL LAYYAH
Layyah	1703	HASSEB BODLA ND BAKERS EID GHA ROAD
Layyah	1397	HEERA SHOPING CENTER LAYYAH BATISH MARKEET
Layyah	1262	HUMA TRADERS
Layyah	1232	HUMZA G/S ANAR KALI BAZAR GG
Layyah	1227	IMRAN TRADERS
Layyah	1368	IMRAN TRADERS FATHE PUR
Layyah	1798	IQBAL CHOHAN SADAR BAZAR LAYYAH
Layyah	1611	ISLAM PHARMECY EID GHA ROAD
Layyah	1310	JAVEED G/S TAILNDUS
Layyah	1363	KAMRAN K/S CH NO 6
Layyah	1077	KARGIL S/S
Layyah	1015	KHALID SHOPING CENTER
Layyah	1022	KHAN BROTHERS G/S
Layyah	1370	KHAN M/S NEAR MC HIGH SCHOOL LAYYAH
Layyah	1253	KHAN MINI MARYT MOHALLAH GUJAR WALA
Layyah	1767	KHAN S/S LAB E NELAM
Layyah	1766	KHAN SWEETS BAIL CHOKE LAYYAH
Layyah	1671	LALA SWEETS EID GHA ROAD
Layyah	1790	LASHARI TRADERS ABDUL REHMAN SHB KOT ADU
Layyah	1601	LAYYAH SWEETS LARI ADDA
Layyah	1679	LUCKY SALE POINT ALI HS SY AGY
Layyah	1224	MADINA S/S HOUSING COLONY
Layyah	1012	MAJID TRADERS
Layyah	1341	MALIK G.S BAZAR
Layyah	1670	MALIK H.S EID GHA ROAD
Layyah	1614	MALIK SAJJAD H/S EID GHA ROAD
Layyah	1771	MALL OF LAYYAH EMPLOYEES COLONY
Layyah	1613	MANZOOR KHASS K.S EID GHA ROAD
Layyah	1779	MASOOD M/S SHAMMA COLLEGE ROAD LAYYAH
Layyah	1801	MEEZAB G.S BATISH MARKEET
Layyah	1630	MEHBOOB M/C LABE NELAM PULL
Layyah	1100	MEHBOOB S/S HOUSING COLONY
Layyah	1069	MEHMOOD MEDICAL STORE
Layyah	1372	MOAZAM TRADERS LALI LAL ROAD
Layyah	1719	MOHAMMADI PANSAR STORE CHOBARA ROAD
Layyah	1595	MUDASIR H/S LALI LAL ROAD 03127706829
Layyah	1571	MULTI ZARI STORE MAIN BAZAR
Layyah	1785	MUNEER S/S MODEL BAZAR LAYYAH
Layyah	1503	MURTZA GARMENTS
Layyah	1713	MUSLIM PANSAR STORE ND KARYANA CHOBARA ROAD
Layyah	1064	MUZAMIL FAMILY STORE
Layyah	1661	NAD E ALI PHARMECY & DPT STORE KAZMI CHOKE
Layyah	1708	NEEZAMMI TRDERS MAIN BAZAR LAYYAH
Layyah	1791	NEW AL HAMAD G.S IQBAL SHB
Layyah	1049	NEW AL HARAM CHORI STORE
Layyah	1709	NEW APNA MART KROR LALI ESAN
Layyah	1794	NEW AWAN MART JINNAH GARDEN LAYYAH
Layyah	1041	NEW GULBERG SHOPING CENTER ASIF
Layyah	1799	NEW MAJID G.S NEAR CINAMA ROAD
Layyah	1605	NEW MOAZ COSMETICS STORE SADER BAZAR
Layyah	1477	NEW TARIQ SWEETS FAIZ CHOKE
Layyah	1309	NIGHAT B/P MOHALLAH SHEKHO WALA
Layyah	1768	NIZAMI G/S MAIN BAZAR LAYYAH ( A ) RANGE
Layyah	1024	NIZAMI G/S MAIN BAZAR LAYYAH ( B ) RANGE
Layyah	1565	NOOR E HIRA K/S KALLMA CHOWK LAYYAH
Layyah	1070	NUMAN MART
Layyah	1086	OLAKH S/S
Layyah	1087	ON WAY SWEETS
Layyah	1378	ON WAY SWEETS COLLEGE ROAD MATLOB SHB
Layyah	1505	PC WORLD SHOPPING MALL LAYYAH
Layyah	1039	PUNJAB G/S
Layyah	1332	PUNJAB K/S CHOBARA ROAD
Layyah	1436	PUNJAB PHARMECY SHAMMA PLAZA NEAR DHQ
Layyah	1465	QADEER KHAN G.S MAIN ROAD
Layyah	1446	QALANDRI SHOPING CENTER ANAR KALI BAZAR LAYYAH
Layyah	1795	QUICK MART FAIZ CHOKE
Layyah	1307	R.B UNIFORM NEAR ZONG FRNCHZE CHOBARA ROAD
Layyah	1591	REHAN ISMAIL S/S CHUNGI NO 10
Layyah	1045	RIZWAN G/S
Layyah	1547	SARDAR G COSMETIC SADAR BAZAR LAYYAH
Layyah	1094	SEHAR SHOPING CENTER MANZOR ABAD
Layyah	1430	SH QAMAR SHB G.S JANOBI BAZAR LAYYAH
Layyah	1689	SH TARIQ KARYANA LAYYAH
Layyah	1300	SHAHBAZ S/S GLI MUNERA BANO
Layyah	1545	SHAHI SWEETS ASLAM MOOR
Layyah	1499	SHAHI SWEETS LARI ADDA
Layyah	1489	SHAHID G.S BAZAR MOOR
Layyah	1333	SHAIR ALI HAIR DRES CINEMA ROAD LAYYAH
Layyah	1014	SHAKIL KHAN G/S
Layyah	1019	SHALIMAR G/S
Layyah	1617	SHALIMAR SWEETS CHOBARA ROAD
Layyah	1235	SHANI BANGLE STORE ANAR KALI BAZAR
Layyah	1260	SHE SHOP ANAR KAL BAZAR LAYYAH
Layyah	1535	SHEHZAD G.S ANARKALI BAZAR LAYYAH
Layyah	1612	SHEHZAD K.S CHOBARA ROAD LAYYAH
Layyah	1515	SKINDER G.S FATEHPOOR
Layyah	1468	SULTAN G.S NEAR CITY THANA GLI GIRLS SCHOOL
Layyah	1788	SULTAN PHARMECY NEAR DHQ
Layyah	1542	SUNDAS G/S KOTADU 03316002059
Layyah	1698	SWEETS PALACE ASLAM MOOR LAYYAH
Layyah	1564	TALHA S/S EID GHA ROAD LAYYAH
Layyah	1083	TARIQ SWEETS CHOBARA ROAD
Layyah	1522	TARIQ SWEETS FAIZ CHOKE
Layyah	1098	TARIQ SWEETS NEAR DHQ
Layyah	1010	TARIQ TRADERS
Layyah	1697	TAWAKAL SWEETS ND BAKERS LALI LAL ROAD
Layyah	1663	TUFAIL MOBILER
Layyah	1707	UMER COSMETICS JAHAN SHAH ROAD LAYYAH
Layyah	1695	UNIVERSAL M/S LARI ADDA
Layyah	1016	USAMA G/S
Layyah	1659	USMAN K/S FAIZ CHOWK
Layyah	1090	VICKY S/S T D A COLONY
Layyah	1379	WARAICH CASH ND CARRY THANA SADAR ROAD LAYYAH
Layyah	1623	WARAICH MAZHER SWEETS LARI ADDA
Layyah	1105	WARAICH SWEETS LARI ADA (AFZAL)
Layyah	1789	WARAICH SWEETS LARI ADDA QAMAR BHAI
Layyah	1042	WELCOME SHOPING CENTER
Layyah	1092	WORLD STYLE HAIR DRESER
Layyah	1645	ZAM ZAM SUPER STORE CHOUBRA ROAD
Layyah	1481	ZEE MART NEAR T.D.A CHOKE
Layyah C	1730	AB GHOSIA BATISH MARKEET RANGE C
Layyah C	1748	AB KARYANA STORE HUSANI CHKE RANGE C
Layyah C	1746	ABDUL AZIZ K/S JANOBI BAZAR RANGE C
Layyah C	1764	AL MADINA K/S YASIR CHOBARA ROAD
Layyah C	1662	AL QAIM G.S KOTLA HAJI SHAH
Layyah C	1756	AL QAIM S/S KOTLA HAJI SHAH
Layyah C	1743	ALI BABA SWEETS SABZI MMANDI RANGE C
Layyah C	1729	ALI G/S & WHOLE SALLER RANGE C
Layyah C	1757	AMIR DEPARTMENTLE STORE THANA SADR ROAD RANGE C
Layyah C	1751	BEST ONE NOMAN MART HUSAANI CHOKE
Layyah C	1738	BHUTTA TRADERS RANGE C
Layyah C	1725	FAROOQ G/S LALI LAL ROAD RANGE C
Layyah C	1744	GHILANI TADERS KALMA CHOKE LAYYAH
Layyah C	1745	GHOSIA SWEETS KALMA CHOKE SY AGY
Layyah C	1758	GUL SHOPING CENTER SAJID RANGE C
Layyah C	1759	HABIB ULLAH K/S MAIN ROAD JMN SHAH RANGE C
Layyah C	1736	IMAN TRADERS SABZI MANDI RANGE C
Layyah C	1731	IMRAN S/C GHOURI K SATH RANGE C
Layyah C	1787	IQRAR ANSARI MANI ROAD RANGE C
Layyah C	1610	ISLAM MART BAZAR MOR RANGE C
Layyah C	1734	JAMEEL KHAN SABZI MANDI RANGE C
Layyah C	1741	KHALID SHOPING CENTER C RANGE
Layyah C	1740	KHAN BROTHERS G/S RANGE C
Layyah C	1724	KHAN SWEETS EID GHA ROAD RANGE C
Layyah C	1721	MAJID TRADERS LALI LAL ROAD LAYYAH C
Layyah C	1732	MEHBOOB K/S JANOBI BAZAR RANGE C
Layyah C	1739	MEHBOOB S/S HOUSING COLONY RANGE C
Layyah C	1754	MIRZA SWEETS ASLAM MOOR RANGE C
Layyah C	1726	MOAZAM TRADERS LALI LAL ROAD RANGE C
Layyah C	1722	MUZAMIL BAKERS ASLAM MOOR RANGE C
Layyah C	1723	MUZAMIL FAMILY STORE RANGE C
Layyah C	1750	NIZAMI G/S MAIN BAZAR LAYYAH ( C ) RANGE
Layyah C	1733	ON WAY SWEETS COLLEGE ROAD RANGE C
Layyah C	1735	PATHAN BHAI SABZI MANDI RANGE C
Layyah C	1742	PUNJAB G/S BAZAR RANGE C
Layyah C	1753	SAMI ULLAH G.S LALI LAL ROAD LAYYAH RANGE C
Layyah C	1727	SHAKEEL KHAN G.S RANGE C
Layyah C	1737	SHAZAD K.S CHOBARA ROAD RANGE C
Layyah C	1728	USAMA G/S RANGE C
Layyah C	1755	YASEEN K.S KAMO KAMIL RANGE C
